Маяк	http://icecast.vgtrk.cdnvideo.ru:80/mayakfm_mp3_192kbps	14
Record Remix	http://radiorecord.hostingradio.ru/rmx96.aacp	0
Piece of Your Heart (Record Mix)	https://radiorecord.hostingradio.ru/rr_main96.aacp	0
Европа Plus	https://ep128.hostingradio.ru:8030/ep128	0
Монте Карло	https://rmg.hostingradio.ru:80/megapolis-tenet96.aacp	0
DFM	https://dfm.hostingradio.ru/dfm128.mp3	0
Диполь ФМ Тюмень	http://icecast.sibinformburo.cdnvideo.ru:8000/dipolfm	0
Фэнтези Радио	http://fantasyradioru.no-ip.biz:8002/live	0
Радио Фантастики	https://myradio24.org/55699	0
Soma_Lush	http://ice5.somafm.com:80/lush-128-aac	0
Радио России	http://icecast.vgtrk.cdnvideo.ru:80/rrzonam_mp3_192kbps	0
Organic	https://radiorecord.hostingradio.ru:443/organic96.aacp	0
Культура	http://icecast.vgtrk.cdnvideo.ru:80/kulturafm_mp3_192kbps	0
Вести ФМ	http://icecast.vgtrk.cdnvideo.ru:80/vestifm_mp3_192kbps	26
Soma_Groove_Salad	http://ice5.somafm.com:80/groovesalad-128-aac	0
Melon Radio	http://stream.melonradio.com:80/deep	0
GothicMetal	http://79.120.77.11:8002/gothicmetal	0
РадиоЭнерджи	http://ic7.101.ru:8000/v1_1	0
Инструментал	http://pub0201.101.ru:80/stream/pro/aac/64/152	0
Металлика	http://pub0201.101.ru:80/stream/pro/aac/64/123	0
РадиоЕвПл	http://eptop128server.streamr.ru:8033/eptop128	0
Рашен радио	http://play.russianradio.eu:80/	0
Sector_geny	http://89.223.45.5:8000/geny-160	0
Queen	http://pub0201.101.ru:80/stream/pro/aac/64/54	0
Scorpions	http://pub0201.101.ru:80/stream/pro/aac/64/113	0
Говорит Москва	http://video.govoritmoskva.ru:8000/rufm.mp3	0
Fantasy Italo Radio	http://italo.italo.nu:80/live	0
МДС музыка	http://ice.planeset.ru:8000/mds.mp3	0
Модель для сборки	http://softguru.su:8000/mds.mp3	0
Model dlya sborki	http://mds-station.com:8000/mds	0
Кино	http://pub0201.101.ru:80/stream/pro/aac/64/103	0
Дискотека 80х	http://pub0201.101.ru:80/stream/pro/aac/64/1	0
Sector_progr	http://89.223.45.5:8000/progressive-160	0
Radio Paradise(aac128)	http://icy-3.radioparadise.com:80/aac-128	0
Dancewave trance	http://stream.dancewave.online:8080/dance.mp3	0
Paradise eclectic(aac128)	http://icy-3.radioparadise.com:80/eclectic-128	0
Paradise Mellow(128aac)	http://icy-3.radioparadise.com:80/mellow-128	0
Paradise Rock	http://icy-3.radioparadise.com:80/rock-128	0
Melodia FM	http://stream128.melodiafm.spb.ru:8000/melodia128	0
Дискотека 90х	http://pub0201.101.ru:80/stream/pro/aac/64/74	0
Дискотека СССР	http://pub0201.101.ru:80/stream/pro/aac/64/144	0
Радио 7	http://retroserver.streamr.ru:8040/radio7128.mp3	0
Классическая музыка	http://pub0201.101.ru:80/stream/pro/aac/64/98	0
Sector_next	http://89.223.45.5:8000/next-160	0
Аудиопедия	http://server.audiopedia.su:8000/ices128	0
Soma_darkzone	http://ice5.somafm.com:80/darkzone-256-mp3	0
СториФМ	http://storyfm.hostingradio.ru:8031/storyfm128.mp3	0
Sector_zed	http://89.223.45.5:8000/zed-160	0
Soma_metal	http://ice5.somafm.com:80/metal-128-aac	0
Soma_deepspace	http://ice5.somafm.com:80/deepspaceone-128-aac	0
Soma_spacestation	http://ice5.somafm.com:80/spacestation-128-aac	0
Soma_missioncontrol	http://ice5.somafm.com:80/missioncontrol-128-aac	0
SECTOR _Space	http://89.223.45.5:8000/space-160	0
Россия Топ 50	http://pub0201.101.ru:80/stream/pro/aac/64/34	0
Россия 90-х	http://pub0201.101.ru:80/stream/pro/aac/64/33	0
Radio Gaia	http://205.164.62.15:10032/	0
SECTOR_Nota	http://89.223.45.5:8000/nota-160	86
Enjoy Radio	http://misato.ru-hoster.com:8022/live	0
Ambientoradio	http://listen.openstream.co:80/2676/audio	0
Звуки природы	http://pub0201.101.ru:80/stream/pro/aac/64/32	0
Launge	http://pub0201.101.ru:80/stream/pro/aac/64/27	0
Наш металл	http://pub0201.101.ru:80/stream/pro/aac/64/257	0
Мюзиклы	http://pub0201.101.ru:80/stream/pro/aac/64/92	0
Неоклассика	http://pub0201.101.ru:80/stream/pro/aac/64/275	0
Музыка для сна	http://pub0201.101.ru:80/stream/pro/aac/64/328	0
Релакс_Нейчур	https://pub0301.101.ru:8443/stream/trust/mp3/128/263	0
Король_И_Шут	http://pub0201.101.ru:80/stream/pro/aac/64/191	0
Ария	http://pub0201.101.ru:80/stream/pro/aac/64/118	0
Детская Колыбельная	http://pub0201.101.ru:80/stream/pro/aac/64/95	0
Детские_Сказки	http://pub0201.101.ru:80/stream/pro/aac/64/222	0
Детские песни	http://pub0201.101.ru:80/stream/pro/aac/64/93	0
Японская музыка	http://pub0201.101.ru:80/stream/pro/aac/64/62	0
Modern Talking	http://pub0201.101.ru:80/stream/pro/aac/64/115	0
Пикник_Золотая Коллекция	http://pub0201.101.ru:80/stream/pro/aac/64/157	0
ВИА	http://pub0201.101.ru:80/stream/pro/aac/64/36	0
Рок Гитара	http://pub0201.101.ru:80/stream/pro/aac/64/70	0
Этника	http://pub0201.101.ru:80/stream/pro/aac/64/40	0
Духовная Музыка	http://pub0201.101.ru:80/stream/pro/aac/64/38	0
Восток	http://pub0201.101.ru:80/stream/pro/aac/64/67	0
Прогрессив	http://jfm1.hostingradio.ru:14536/prog.mp3	0
Инструментал	http://pub0201.101.ru:80/stream/pro/aac/64/152	0
Industrial	http://mp3.stream.tb-group.fm:80/ct.mp3	0
Soma_dronezone	http://ice5.somafm.com:80/dronezone-128-aac	0
Soma_u80s	http://ice5.somafm.com:80/u80s-128-aac	0
Саундтреки	http://pub0201.101.ru:80/stream/pro/aac/64/25	0
Ultra	http://nashe1.hostingradio.ru:80/ultra-192.mp3	0
orgasma.fm	http://listen.orgasma.fm:80/whitemp3	0
Агата Кристи	http://pub0201.101.ru:80/stream/pro/aac/64/139	0
Сандра	http://pub0201.101.ru:80/stream/pro/aac/64/179	0
Some_thetrip	http://ice5.somafm.com:80/thetrip-128-aac	0
Птицы	http://streaming.radio.co:80/s5c5da6a36/listen	0
Океан	http://streaming.radionomy.com:80/JamendoLounge?lang=ru	0
Природа	http://klassikr.streamabc.net:80/klr-nature-mp3-128-2199748	0
Итало Диско	http://pub0201.101.ru:80/stream/pro/aac/64/161	0
Грааль	http://graalradio.com:8123/space	0
Enigma	http://pub0201.101.ru:80/stream/pro/aac/64/175	0
Премиум128	http://89.175.27.162:9000/premium128	0
Golden 70s	http://pub0201.101.ru:80/stream/pro/aac/64/192	0
Cyber Space	http://pub0201.101.ru:80/stream/pro/aac/64/79	0
Музыка Барокко	http://prmstrm.1.fm:8000/baroque	0
Jamz	http://prmstrm.1.fm:8000/jamz	0
Jazz	http://pub0201.101.ru:80/stream/pro/aac/64/85	0
Высоцкий	http://pub0201.101.ru:80/stream/pro/aac/64/58	0
FmChilledOut	http://listen.livestreamingservice.com:80/181-chilled_128k.mp3	0
ChillLoungeFlorida	https://vip2.fastcast4u.com:443/proxy/chillfla?mp=/1	0
Zacev_FM	http://zaycevfm.cdnvideo.ru:80/ZaycevFM_pop_256.mp3	0
Ambiesphere	http://uk5.internet-radio.com:8347/stream	0
EtherealRadio	http://us4.internet-radio.com:8073/live	0
Eye Of Destiny Radio	http://uk6.internet-radio.com:8428/stream	0
Real World Sounds	http://uk5.internet-radio.com:8260/stream	0
Gratitude Radio	http://uk5.internet-radio.com:8249/live	0
Punks	http://jfm1.hostingradio.ru:14536/nashepunks.mp3	0
Radio SEGA	http://content.radiosega.net:8006/live	0
Trance	http://79.120.77.11:8002/trance	0
RadioClassic	http://jfm1.hostingradio.ru:14536/rcstream.mp3	0
Essential	http://jfm1.hostingradio.ru:14536/ecstream.mp3	0
TranceHouse	https://radiorecord.hostingradio.ru:443/trancehouse96.aacp	0
Goldstream	http://jfm1.hostingradio.ru:14536/gcstream.mp3	0
Поэзия	http://jfm1.hostingradio.ru:14536/pcstream.mp3	0
ModernRock	http://pub0201.101.ru:80/stream/pro/aac/64/16	0
Ambient	http://pub0201.101.ru:80/stream/pro/aac/64/23	0
Армейские песни	http://pub0201.101.ru:80/stream/pro/aac/64/37	0
Milano Lounge	http://centova.wlservices.org:8003/autodj	0
Кавказ Hits	http://pub0201.101.ru:80/stream/pro/aac/64/39	0
Touch	http://pub0201.101.ru:80/stream/pro/aac/64/29	0
Office Launge	http://pub0201.101.ru:80/stream/pro/aac/64/30	0
Авторская песня	http://pub0201.101.ru:80/stream/pro/aac/64/35	0
French Radio London	http://radio.canstream.co.uk:8100/live.mp3.m3u	0
Русские народные	http://pub0201.101.ru:80/stream/pro/aac/64/40	0
Русские песни	http://pub0201.101.ru:80/stream/pro/aac/64/41	0
Tuner_Chillout	http://tuner.m1.fm:80/chillout.mp3	0
Русский РЭП	http://pub0201.101.ru:80/stream/pro/aac/64/43	0
Русское Регги	http://pub0201.101.ru:80/stream/pro/aac/64/44	0
Парк Горького	http://pub0201.101.ru:80/stream/pro/aac/64/182	0
Наутилус	http://pub0201.101.ru:80/stream/pro/aac/64/157	0
100	http://100radio-hit.ice.infomaniak.ch:80/100radio-hit-128.mp3	0
SONIC_universe	http://ice5.somafm.com:80/sonicuniverse-128-aac	0
Тантра	http://pub0201.101.ru:80/stream/pro/aac/64/241	0
Easy Listening	http://pub0201.101.ru:80/stream/pro/aac/64/26	0
Rock Remakes	http://pub0201.101.ru:80/stream/pro/aac/64/71	0
Spectrum Chillout	http://51.255.235.165:5024/listen.pls?sid=1	0
Rock n Roll	http://pub0201.101.ru:80/stream/pro/aac/64/89	0
Swing	http://pub0201.101.ru:80/stream/pro/aac/64/90	0
The Rolling Stones	http://pub0201.101.ru:80/stream/pro/aac/64/117	0
Thrash	http://pub0201.101.ru:80/stream/pro/aac/64/73	0
U2	http://pub0201.101.ru:80/stream/pro/aac/64/109	0
Александр Розенбаум	http://pub0201.101.ru:80/stream/pro/aac/64/153	0
Алиса	http://pub0201.101.ru:80/stream/pro/aac/64/137	0
Robbie Williams	http://pub0201.101.ru:80/stream/pro/aac/64/138	0
Rave	http://pub0201.101.ru:80/stream/pro/aac/64/151	0
pro	http://pub0201.101.ru:80/stream/pro/aac/64/84	0
RecordAmbient	https://radiorecord.hostingradio.ru:443/ambient96.aacp	0
Electronic	http://pub0201.101.ru:80/stream/pro/aac/64/132	0
Fresh	http://pub0201.101.ru:80/stream/pro/aac/64/148	0
Liquid Funk	http://pub0201.101.ru:80/stream/pro/aac/64/272	0
Live Hits	http://pub0201.101.ru:80/stream/pro/aac/64/86	0
Madonna	http://pub0201.101.ru:80/stream/pro/aac/64/128	0
Mainstream	http://pub0201.101.ru:80/stream/pro/aac/64/87	0
Chillout Records	https://radiorecord.hostingradio.ru:443/chil96.aacp	0
Metal	http://pub0201.101.ru:80/stream/pro/aac/64/211	0
Mylene Farmer	http://pub0201.101.ru:80/stream/pro/aac/64/166	0
DIMENSIONE RELAX	http://51.161.115.200:8012/listen.pls?sid=1	0
Radio Horyzont	http://s1.slotex.pl:7328/listen.pls?sid=1	0
ART OF MUSIC	http://46.105.111.94:8024/listen.pls?sid=1	0
New Age	http://pub0201.101.ru:80/stream/pro/aac/64/120	0
Radiosphera Ascent	http://uk5.internet-radio.com:8347/	0
New York	http://pub0201.101.ru:80/stream/pro/aac/64/64	0
Hi On Line Pop netherland	http://mediaserv30.live-streams.nl:8086/	0
Hi On Line World	http://mediaserv38.live-streams.nl:8027/	0
Hi On Line Latin	http://mediaserv33.live-streams.nl:8034/	0
Hi On Line Gold	http://mediaserv30.live-streams.nl:8000/	0
Pink Floyd	http://pub0201.101.ru:80/stream/pro/aac/64/53	0
Pop Classical Music	http://pub0201.101.ru:80/stream/pro/aac/64/97	0
TechHouse	https://radiorecord.hostingradio.ru:443/techouse96.aacp	0
RecordProg	https://radiorecord.hostingradio.ru:443/progr96.aacp	0
Prince	http://pub0201.101.ru:80/stream/pro/aac/64/282	0
The Cardigans	http://stream.pcradio.biz:8000/The_Cardigans-hi	0
The Beach Boys	http://stream.pcradio.biz:8000/The_Beach_Boys-hi	0
Top 200	http://stream.pcradio.biz:8000/Top_200-hi	0
The Corrs	http://stream.pcradio.biz:8000/The_Corrs-hi	0
Pink Floyd	http://stream.pcradio.biz:8000/Pink_Floyd-hi	0
BoneyM	http://stream.pcradio.biz:8000/BoneyM-hi	0
Nirvana	http://stream.pcradio.biz:8000/Nirvana-hi	0
The Prodigy	http://stream.pcradio.biz:8000/The_Prodigy-hi	0
Алла Пугачёва	http://pub0201.101.ru:80/stream/pro/aac/64/56	0
Б.Гребенщиков	http://pub0201.101.ru:80/stream/pro/aac/64/57	0
БИ-2	http://pub0201.101.ru:80/stream/pro/aac/64/135	0
Руки Вверх	http://stream.pcradio.biz:8000/Ruki_Vverh-hi	0
Cool jazz	http://s1.viastreaming.net:7420/stream/1/	0
Голос	http://pub0201.101.ru:80/stream/pro/aac/64/98	0
Голос Дети	http://pub0201.101.ru:80/stream/pro/aac/64/287	0
Anime radio	http://162.213.197.54:80/	0
Григорий Гладков	http://pub0201.101.ru:80/stream/pro/aac/64/94	0
Chillhouse	https://radiorecord.hostingradio.ru:443/chillhouse96.aacp	0
ДДТ	http://pub0201.101.ru:80/stream/pro/aac/64/112	0
deltaradio_indie	http://stream.pcradio.biz:8000/deltaradio_indie-hi	0
День Победы	http://pub0201.101.ru:80/stream/pro/aac/64/178	0
Колыбельная	http://pub0201.101.ru:80/stream/pro/aac/64/95	0
Ласковый Май	http://pub0201.101.ru:80/stream/pro/aac/64/119	0
Любэ	http://pub0201.101.ru:80/stream/pro/aac/64/158	0
Машина Времени	http://pub0201.101.ru:80/stream/pro/aac/64/59	0
AmbientRadio.com	http://uk2.internet-radio.com:8171/	0
EtherealRadio	http://us4.internet-radio.com:8073/autodj	0
Музыка летних фестивалей	http://pub0201.101.ru:80/stream/pro/aac/64/285	0
Музыка футбола	http://pub0201.101.ru:80/stream/pro/aac/64/280	0
Мурзилки Int.	http://pub0201.101.ru:80/stream/pro/aac/64/3	0
Муслим Магомаев	http://pub0201.101.ru:80/stream/pro/aac/64/156	0
Hirschmilch Chillout	http://hirschmilch.de:7000/listen.pls?sid=3	0
psyradio * fm	http://81.88.36.42:8020/listen.pls?sid=1	0
Radio Play Emotions	http://5.39.82.157:8054/listen.pls?sid=1	0
На Хайпе	http://pub0201.101.ru:80/stream/pro/aac/64/286	0
Опера	http://pub0201.101.ru:80/stream/pro/aac/64/96	0
Попса	http://pub0201.101.ru:80/stream/pro/aac/64/155	0
Radio Web Talents	http://91.121.59.45:8015/autodj	0
Руки Вверх!	http://pub0201.101.ru:80/stream/pro/aac/64/163	0
Стас Михайлов	http://pub0201.101.ru:80/stream/pro/aac/64/154	0
Soma_thistle	http://ice4.somafm.com:80/thistle-128-aac	0
Татарская Поп-Музыка	http://pub0201.101.ru:80/stream/pro/aac/64/246	0
Филипп Киркоров	http://pub0201.101.ru:80/stream/pro/aac/64/116	0
Французский Рэп	http://pub0201.101.ru:80/stream/pro/aac/64/240	0
Французский Шансон	http://pub0201.101.ru:80/stream/pro/aac/64/146	0
Цыганская музыка	http://pub0201.101.ru:80/stream/pro/aac/64/61	0
Чайф	http://pub0201.101.ru:80/stream/pro/aac/64/106	0
Чиж	http://pub0201.101.ru:80/stream/pro/aac/64/221	0
Metal Radio	http://144.217.29.205:80/stream/1/	0
FM 90s Alternative	http://listen.livestreamingservice.com:80/181-90salt_128k.mp3	0
FM 90s Country	http://listen.livestreamingservice.com:80/181-90scountry_128k.mp3	0
FM UK Top 40	http://listen.livestreamingservice.com:80/181-uktop40_128k.mp3	0
TranceBase FM	http://mp3.stream.tb-group.fm:80/trb.mp3	0
TechnoBase FM	http://mp3.stream.tb-group.fm:80/tb.mp3	0
TeaTime FM	http://mp3.stream.tb-group.fm:80/tt.mp3	0
HouseTime FM	http://mp3.stream.tb-group.fm:80/ht.mp3	0
HardBase FM	http://mp3.stream.tb-group.fm:80/hb.mp3	0
CoreTime FM	http://mp3.stream.tb-group.fm:80/ct.mp3	0
ClubTime FM	http://mp3.stream.tb-group.fm:80/clt.mp3	0
Burn FM	http://s3.radionetz.de:8000/burn-fm.mp3	0
Discover Trance Radio	http://paris.discovertrance.com:8006/;stream	0
Alternative	http://stream.europeanhitradio.com:8000/Stream_37.mp3	0
Dance	http://stream.europeanhitradio.com:8000/Stream_24.mp3	0
FreshEHR	http://stream.europeanhitradio.com:8000/Stream_25.mp3	0
Love Songs	http://stream.europeanhitradio.com:8000/Stream_28.mp3	0
Remixes	http://stream.europeanhitradio.com:8000/Stream_32.mp3	0
Remixes RU	http://stream.europeanhitradio.com:8000/Stream_35.mp3	0
Русские Хиты	http://stream.hitirossii.com:8000/khr.mp3	0
PSY Radio Alternative	http://streamer.psyradio.org:8040/	0
PSY Radio Chillout	http://streamer.psyradio.org:8020/	0
Hydra	http://hydra.cdnstream.com:80/1521_128	0
Psyndora chillout	https://cast.magicstreams.gr:9125/	0
SoundCoffee	http://fm.soundcoffee.net:8000/stream128	0
PSY Radio Progressive	http://streamer.psyradio.org:8010/	0
PSY Radio Trance	http://streamer.psyradio.org:8030/	0
Soma_Doomed	http://ice3.somafm.com:80/specials-128-aac	0
Soma_Dubstep	http://ice3.somafm.com:80/dubstep-128-aac	0
Power Hitz - 1Power	http://powerhitz.powerhitz.com:5000/	0
Kiss FM	http://kissfm.ice.infomaniak.ch:80/kissfm-128.mp3	0
Звуки природы	http://79.111.14.76:8000/soundnat	0
Power Hitz - Hot 108 Jamz	http://sc.hot108.com:4020/	0
PromoDJ FM - 186mph	http://radio.promodj.com:8000/186mph-192	0
PromoDJ FM - Deep	http://radio.promodj.com:8000/deep-192	0
PromoDJ FM - 300kmh	http://radio.promodj.com:8000/300kmh-192	0
PromoDJ FM - Channel 5	http://radio.promodj.com:8000/channel5-192	0
1	https://101.ru/radio/channel/129	0
Сплин	 https://srv01.gpmradio.ru/stream/pro/aac/64/129	0
